<?xml version="1.0" encoding="UTF-8"?>
<ti:app xmlns:ti="http://ti.appcelerator.org">
    <id>com.porwal.housingLand</id>
    <name>HousingLand</name>
    <version>1.0</version>
    <publisher>shraddhaporwal</publisher>
    <url>http://</url>
    <description/>
    <copyright>2015 by shraddhaporwal</copyright>
    <icon>appicon.png</icon>
    <fullscreen>false</fullscreen>
    <navbar-hidden>false</navbar-hidden>
    <analytics>false</analytics>
    <guid>f15bfe19-7355-4c87-aa04-e6887cc3767f</guid>
    <property name="ti.ui.defaultunit" type="string">dp</property>
    <ios>
        <plist>
            <dict>
                <key>UISupportedInterfaceOrientations~iphone</key>
                <array>
                    <string>UIInterfaceOrientationPortrait</string>
                </array>
                <key>UISupportedInterfaceOrientations~ipad</key>
                <array>
                    <string>UIInterfaceOrientationPortrait</string>
                    <string>UIInterfaceOrientationPortraitUpsideDown</string>
                    <string>UIInterfaceOrientationLandscapeLeft</string>
                    <string>UIInterfaceOrientationLandscapeRight</string>
                </array>
                <key>UIRequiresPersistentWiFi</key>
                <false/>
                <key>UIPrerenderedIcon</key>
                <false/>
                <key>UIStatusBarHidden</key>
                <false/>
                <key>UIStatusBarStyle</key>
                <string>UIStatusBarStyleDefault</string>
            </dict>
        </plist>
    </ios>
    <android xmlns:android="http://schemas.android.com/apk/res/android">
        <manifest android:installLocation="preferExternal">
            <uses-permission android:name="android.permission.ACCESS_LOCATION"/>
            <uses-permission android:name="android.permission.ACCESS_GPS"/>
            <uses-permission android:name="android.permission.INTERNET"/>
            <!-- Allows the API to cache data -->
            <uses-permission android:name="android.permission.WRITE_EXTERNAL_STORAGE"/>
            <!-- Access approximate location derived from network location -->
            <uses-permission android:name="android.permission.ACCESS_COARSE_LOCATION"/>
            <!-- Use GPS for device location -->
            <uses-permission android:name="android.permission.ACCESS_FINE_LOCATION"/>
            <!-- Use Wi-Fi or mobile connection for device location -->
            <uses-permission android:name="android.permission.ACCESS_COARSE_LOCATION"/>
            <!-- Allows the API to access Google web-based services -->
            <uses-permission android:name="com.google.android.providers.gsf.permission.READ_GSERVICES"/>
            <!-- Specify OpenGL ES 2.0 as a requirement -->
            <uses-feature android:glEsVersion="0x00020000" android:required="true"/>
            <uses-feature android:name="android.hardware.location.gps" android:required="false"/>
            <uses-permission android:name="com.porwal.housingLand.permission.MAPS_RECEIVE"/>
            <permission
                android:name="com.porwal.housingLand.permission.MAPS_RECEIVE" android:protectionLevel="signature"/>
            <application>
                <meta-data
                    android:name="com.google.android.maps.v2.API_KEY" android:value="AIzaSyDVdvpxwOxfmmZzAlAiuv4m0gLFGXXw-Ng"/>
                <!--<meta-data 
                	android:name="com.google.android.geo.API_KEY" android:value="AIzaSyDjVQmqtcakUXjVVp0fC2fVEI7kiXQ9jYs"/>-->
                <activity android:alwaysRetainTaskState="true"/>
            </application>
            <uses-sdk android:minSdkVersion="10" android:targetSdkVersion="21"/>
        </manifest>
    </android>
    <mobileweb>
        <precache/>
        <splash>
            <enabled>true</enabled>
            <inline-css-images>true</inline-css-images>
        </splash>
        <theme>default</theme>
    </mobileweb>
    <modules>
        <module platform="iphone">ti.map</module>
        <module platform="android">ti.map</module>
        <module platform="android">facebook</module>
        <module platform="iphone">facebook</module>
    </modules>
    <deployment-targets>
        <target device="android">true</target>
        <target device="blackberry">false</target>
        <target device="ipad">true</target>
        <target device="iphone">true</target>
        <target device="mobileweb">true</target>
    </deployment-targets>
    <sdk-version>3.5.1.GA</sdk-version>
    <plugins>
        <plugin version="1.0">ti.alloy</plugin>
    </plugins>
</ti:app>
